Order City,Ord_Cty_Id
Bekasi,0
Bikaner,1
Townsville,2
Toowoomba,3
Guangzhou,4
Tokio,5
Manado,6
Sangli,7
SeÃºl,8
Jabalpur,9
Geelong,10
Brisbane,11
Mandurah,12
Guilin,13
Delhi,14
Suzhou,15
Singapur,16
Hubli,17
Wollongong,18
Medan,19
Canberra,20
Bangalore,21
Yiwu,22
Mirzapur,23
Bursa,24
Murray Bridge,25
Kartal,26
Ulan Bator,27
Estambul,28
Raipur,29
Pasco,30
Los Angeles,31
San Francisco,32
Overland Park,33
Ugep,34
Kinshasa,35
Dakar,36
Casablanca,37
Dortmund,38
Drancy,39
Nantes,40
Groningen,41
Gateshead,42
Eastbourne,43
Hayange,44
Portsmouth,45
Gelsenkirchen,46
Nice,47
Petapa,48
Mejicanos,49
David,50
Santo Domingo,51
Cabimas,52
Dos Quebradas,53
Ilopango,54
Tegucigalpa,55
Juazeiro,56
Mexico City,57
Tlaquepaque,58
Puebla,59
SÃ£o Paulo,60
Montevideo,61
Buenos Aires,62
Barueri,63
Arapongas,64
CamagÃ¼ey,65
Las Tunas,66
Tepic,67
San Miguelito,68
Ixtapaluca,69
MaceiÃ³,70
Belo Horizonte,71
Santiago de Cuba,72
San Pedro Sula,73
Lima,74
HolguÃ­n,75
Orizaba,76
Managua,77
Villahermosa,78
QuixadÃ¡,79
Mixco,80
Nueva Gerona,81
Chimaltenango,82
Villa Nueva,83
Quito,84
Valle de La Pascua,85
Cotia,86
Itapecuru Mirim,87
LeÃ³n,88
Tlalpan,89
Apopa,90
Cipolletti,91
La Ceiba,92
CÃ³rdoba,93
Kuito,94
Jartum,95
Hargeysa,96
Kenitra,97
Abidjan,98
Abu Kabir,99
Perugia,100
Nuremberg,101
Reims,102
Halle,103
Bremerhaven,104
Portici,105
Bielefeld,106
London,107
Duisburg,108
Bradford,109
Agrigento,110
Oldham,111
Palermo,112
Madrid,113
Nancy,114
Girona,115
Laon,116
Hartlepool,117
Pontault-Combault,118
La Rochelle,119
Edinburgh,120
Acerra,121
Hanover,122
Manchester,123
Messina,124
Wilhelmshaven,125
Letchworth,126
Kilwinning,127
Villeneuve-le-Roi,128
Barakaldo,129
Estocolmo,130
Aylesbury,131
Langenhagen,132
Birmingham,133
Amsterdam,134
Viena,135
Houston,136
Gilbert,137
San Jose,138
Fresno,139
Peoria,140
Cincinnati,141
Columbus,142
Ottawa,143
Kitchener,144
Philadelphia,145
Des Plaines,146
Elmhurst,147
Antananarivo,148
Algiers,149
Monrovia,150
Gagnoa,151
Livingstone,152
Fes,153
Cairo,154
Hurghada,155
Niamey,156
Sale,157
Pretoria,158
Marrakech,159
Bur Sudan,160
Lagos,161
Quelimane,162
Port Elizabeth,163
Shinyanga,164
Kismaayo,165
Butare,166
Newcastle,167
JerusalÃ©n,168
Gold Coast,169
Porirua,170
Mildura,171
Daca,172
Kanpur,173
Bangkok,174
Bagdad,175
Adana,176
Riyadh,177
Shenzhen,178
Tianjin,179
Perth,180
Dunedin,181
Melbourne,182
Ulhasnagar,183
Manila,184
Mersin,185
Temirtau,186
Tengzhou,187
Nantong,188
Dalian,189
Lianyuan,190
Caloundra,191
Bendigo,192
Adelaide,193
Ajmer,194
Kerman,195
Vadodara,196
Semarang,197
Cirebon,198
RangÃºn,199
KÃ¼tahya,200
NamangÃ¡n,201
Xinzhou,202
Mudanjiang,203
Lokossa,204
Ikot Ekpene,205
Warri,206
Bandundu,207
Foumban,208
Luanda,209
Maiduguri,210
Nairobi,211
Kitwe,212
Nkongsamba,213
Mbuji-mayi,214
Lome,215
Mahajanga,216
Kano,217
Annaba,218
Cotonou,219
Dar es Salaam,220
Cape Town,221
Montpellier,222
Khmelnytskyi,223
Vannes,224
Fuenlabrada,225
Villemomble,226
Gien,227
Neuilly-sur-Seine,228
Viersen,229
Verona,230
Fano,231
Gdynia,232
Talavera de la Reina,233
Montreuil,234
Marseille,235
Lisbon,236
Wolverhampton,237
Satu Mare,238
Guadalajara,239
CÃºcuta,240
Zacatecas,241
Chihuahua,242
BrasÃ­lia,243
SantarÃ©m,244
Joinville,245
Monterrey,246
Pitalito,247
QuerÃ©taro,248
Chaguanas,249
Hermosillo,250
Coacalco,251
BalneÃ¡rio CamboriÃº,252
MaturÃ­n,253
Parintins,254
Huehuetenango,255
Chinautla,256
Sorocaba,257
San Justo,258
Colombo,259
Itu,260
Cuernavaca,261
Ãguas Lindas de GoiÃ¡s,262
Vespasiano,263
BogotÃ¡,264
Bhilai,265
Qingdao,266
Herat,267
Sydney,268
Bandung,269
Tongchuan,270
Ujjain,271
Balikpapan,272
Pune,273
Weifang,274
Yogyakarta,275
Rockhampton,276
Siping,277
ShanghÃ¡i,278
Depok,279
Kawasaki,280
Lahore,281
Malang,282
Ho Chi Minh City,283
Shenyang,284
Daegu,285
Rajkot,286
Gorakhpur,287
Surabaya,288
Nagpur,289
Nakhon Ratchasima,290
Kota Kinabalu,291
Jiutai,292
Shantou,293
Cairns,294
Jaipur,295
Loudi,296
Tipitapa,297
Tabuk,298
Manukau City,299
Yakarta,300
Tangerang,301
Aurangabad,302
Seattle,303
Oakland,304
New York City,305
Monroe,306
Potchefstroom,307
Wiesbaden,308
Munich,309
Bobigny,310
Lille,311
Giurgiu,312
Tamworth,313
Lviv,314
Hidalgo,315
Irapuato,316
Zapopan,317
MauÃ¡,318
Qom,319
Denver,320
Jacksonville,321
Brindisi,322
Hamburgo,323
The Hague,324
Halifax,325
Ratingen,326
Galati,327
LÃ¡zaro CÃ¡rdenas,328
Arnhem,329
Parma,330
Vantaa,331
Rome,332
Vicenza,333
Wattrelos,334
Yaroslavl,335
Hastings,336
Sheffield,337
Lowestoft,338
Turku,339
San Sebastian,340
Remscheid,341
Sterlitamak,342
Exeter,343
Pamiers,344
Dordrecht,345
Strasbourg,346
Alphen aan den Rijn,347
Lublin,348
DublÃ­n,349
Six-Fours-les-Plages,350
Rennes,351
Capannori,352
Reutlingen,353
Palaiseau,354
Redditch,355
Leeds,356
Plymouth,357
Barcelona,358
Castelldefels,359
Oslo,360
Hautmont,361
Banska Bystrica,362
Nacka,363
West Bromwich,364
Milan,365
Basingstoke,366
Littlehampton,367
Seville,368
Moncalieri,369
Seraing,370
Kramators'k,371
Kiel,372
Sunderland,373
Augsburg,374
Cognac,375
Castrop-Rauxel,376
Bytom,377
Durango,378
Serra,379
Santiago de los Caballeros,380
San Salvador,381
Pinar del RÃ­o,382
AraranguÃ¡,383
JuÃ¡rez,384
Puno,385
Navegantes,386
Tampico,387
La Paz,388
Matagalpa,389
Cuscatancingo,390
Americana,391
Indaial,392
Tijuana,393
Ciudad del Carmen,394
Santana de ParnaÃ­ba,395
Limeira,396
Valencia,397
Santiago de Chile,398
MacapÃ¡,399
Portmore,400
Saltillo,401
GuantÃ¡namo,402
Cartago,403
Arequipa,404
Atlixco,405
Rio Branco,406
Ayacucho,407
Vassouras,408
Hyderabad,409
Jiangyan,410
Christchurch,411
Masterton,412
Daqing,413
Albury,414
Valenzuela,415
Antipolo,416
Borujerd,417
Izmir,418
Shulan,419
Antalya,420
Taizz,421
Yangzhou,422
Asahikawa,423
Khouribga,424
Accra,425
Boghni,426
Meknes,427
Thika,428
Ad Diwem,429
Alexandria,430
Kalemie,431
Wad Madani,432
Mogadishu,433
Kindia,434
Taza,435
Dire Dawa,436
Turin,437
Cologne,438
Uvarovo,439
Southend-on-Sea,440
Widnes,441
Carpentras,442
Utrecht,443
Genk,444
Gloucester,445
Helsinki,446
Miramas,447
Sofia,448
Granada,449
Mont-Saint-Aignan,450
BerlÃ­n,451
Cagliari,452
Erftstadt,453
Harrow,454
Pescara,455
Tourcoing,456
Afragola,457
Lugansk,458
Doncaster,459
Bry-sur-Marne,460
Charleroi,461
Niort,462
Venice,463
Ulm,464
Cambridge,465
Siegen,466
Las Rozas de Madrid,467
Luton,468
Verdun,469
Conflans-Sainte-Honorine,470
Sesto San Giovanni,471
Bondy,472
Noisy-le-Grand,473
Elx,474
Gronau,475
Frankfurt,476
Rotherham,477
Savigny-le-Temple,478
La Seyne-sur-Mer,479
Fuji,480
Changwon,481
Baoding,482
Port Macquarie,483
Vijayawada,484
Termez,485
Bishkek,486
PekÃ­n,487
Thane,488
Mumbai,489
Durgapur,490
Samarinda,491
Bacolod City,492
Lismore,493
Bhavnagar,494
Angeles City,495
Corlu,496
Jeddah,497
K'ut'aisi,498
Hirakata,499
Neijiang,500
Shanwei,501
Waitakere,502
Mangalore,503
Kathmandu,504
Kendari,505
Probolinggo,506
Jixi,507
Darwin,508
Rasht,509
Ahvaz,510
Arnsberg,511
Genoa,512
Toulouse,513
Waterlooville,514
Leipzig,515
Vanves,516
Meyzieu,517
Mulhouse,518
Leicester,519
Chelles,520
Marbella,521
Florence,522
Kashira,523
Cholet,524
Bochum,525
Annecy,526
Magdeburg,527
Amberes,528
Makhachkala,529
CheliÃ¡binsk,530
Brandenburgo,531
Wetzlar,532
Pertuis,533
Torrevieja,534
Cagnes-sur-Mer,535
Nanterre,536
Vichy,537
Lohne,538
Le Mans,539
Bordeaux,540
AstracÃ¡n,541
Rouen,542
Stuttgart,543
Peterborough,544
Montecatini Terme,545
Warsaw,546
Huelva,547
Reggio nell'Emilia,548
Le Bouscat,549
Derbent,550
Crewe,551
Paris,552
Bognor Regis,553
Biarritz,554
Aix-en-Provence,555
Registro,556
Presidente Dutra,557
Villa Canales,558
Jiutepec,559
Brumado,560
TeresÃ³polis,561
Guarulhos,562
Bornova,563
Salihli,564
Tel Aviv,565
AstanÃ¡,566
Launceston,567
Ranchi,568
New Plymouth,569
Heyuan,570
Saveh,571
Durg,572
Makati,573
Xinyi,574
Lianzhou,575
Eskisehir,576
Armidale,577
Jambi,578
Xuzhou,579
Wuhan,580
Hobart,581
Sincan,582
Mackay,583
Yuci,584
Fukui,585
Caloocan,586
Basra,587
Belgaum,588
Cainta,589
Auckland,590
Taupo,591
Gujranwala,592
Sarkand,593
Ajman,594
Zhuhai,595
Bucheon,596
Nelson,597
Yichun,598
Solapur,599
Chongqing,600
Zhaoqing,601
Tegal,602
Bihar Sharif,603
Taixing,604
Mardan,605
Nanchong,606
Nom Pen,607
Patna,608
Faridabad,609
Maryborough,610
Huangshan,611
Kwinana,612
Madurai,613
Wenzhou,614
Chengdu,615
Huadian,616
Fatehpur,617
Yancheng,618
Kediri,619
Coffs Harbour,620
Surakarta,621
Bacoor,622
Bundaberg,623
Ipoh,624
Goyang,625
Pasig,626
Ichalkaranji,627
Palembang,628
Kota,629
SÃ£o Bernardo do Campo,630
San MartÃ­n,631
OcotlÃ¡n,632
Kabul,633
Tulsa,634
Moreno Valley,635
Zaria,636
Kampala,637
Port Harcourt,638
Johannesburg,639
Minna,640
Constantina,641
Abakaliki,642
Stellenbosch,643
Tangier,644
Maseru,645
Soweto,646
Fontenay-aux-Roses,647
Badalona,648
Gothenburg,649
Glasgow,650
Monza,651
Swindon,652
Brest,653
Le Chesnay,654
Malakoff,655
Valladolid,656
Sevran,657
Vincennes,658
Caen,659
Nieuwegein,660
Darton,661
Northampton,662
Dniprodzerzhyns'k,663
Roissy-en-Brie,664
Brive-la-Gaillarde,665
Le Petit-Quevilly,666
Trier,667
Gdansk,668
Velbert,669
Avignon,670
Preston,671
Trapani,672
Aprilia,673
Meudon,674
Mykolayiv,675
Colchester,676
Cosenza,677
Hasselt,678
Rostock,679
Tours,680
Altamura,681
Toulon,682
Vilna,683
Lincoln,684
Aschaffenburg,685
Bremen,686
Heidelberg,687
Bilbao,688
Wuppertal,689
Mont-de-Marsan,690
Stoke-on-Trent,691
Garches,692
Pozzuoli,693
Zwickau,694
Offenbach,695
Dnipropetrovsk,696
La Baule-Escoublac,697
Wigan,698
Mons-en-Baroeul,699
Timisoara,700
Berne,701
Aberdeen,702
Celle,703
Treviso,704
Le Blanc-Mesnil,705
Dijon,706
Antony,707
Carrara,708
Budapest,709
Castres,710
Doetinchem,711
Marignane,712
Pamplona,713
Ajaccio,714
Garforth,715
Ingolstadt,716
Martigues,717
Courbevoie,718
Franconville,719
Copenhagen,720
Mantes-la-Jolie,721
Erlangen,722
Chaumont,723
Lannion,724
Burgos,725
Corbeil-Essonnes,726
Dabrowa Gornicza,727
Porto,728
Swansea,729
Wolfsburg,730
Versailles,731
Argenteuil,732
Emmen,733
Herten,734
Saint-Malo,735
Blagoveshchensk,736
Vitoria,737
Muret,738
Bari,739
Essen,740
Clichy-sous-Bois,741
Gennevilliers,742
Karlstad,743
Maidstone,744
Salzburgo,745
Herford,746
Creil,747
Langenfeld,748
Saint-Germain-en-Laye,749
Rillieux-la-Pape,750
Mougins,751
Rambouillet,752
Dresden,753
Espoo,754
Aubervilliers,755
Carrefour,756
Pirapora,757
Tartagal,758
Quetzaltenango,759
Panama City,760
Bolton,761
Grigny,762
Great Yarmouth,763
Calais,764
Gallarate,765
Chartres,766
Torremolinos,767
Chemnitz,768
Zeist,769
Friedrichshafen,770
Mechelen,771
Piacenza,772
Palma de Mallorca,773
Le Havre,774
Bayonne,775
Sumy,776
Menton,777
Brescia,778
Bacau,779
Pantin,780
Bologna,781
Kotka,782
Opole,783
Sarcelles,784
Oosterhout,785
Heilbronn,786
Aulnay-sous-Bois,787
Vigneux-sur-Seine,788
Recklinghausen,789
Stockton-on-Tees,790
Cerignola,791
Clamart,792
Veenendaal,793
Carpi,794
Carcassonne,795
Garbsen,796
Dreux,797
Mazyr,798
Sandnes,799
Rijeka,800
Catania,801
La Teste-de-Buch,802
Tarbes,803
Pessac,804
Bayeux,805
Ronchin,806
Carlisle,807
Kaunas,808
Rugby,809
VÃ­nnytsia,810
Derby,811
Dormagen,812
Ginebra,813
Gera,814
Mantes-la-Ville,815
Bebington,816
Novara,817
Angarsk,818
Ploiesti,819
Loughborough,820
Deuil-la-Barre,821
JÃ¡rkov,822
Tarragona,823
Pontivy,824
Cheltenham,825
Zamora,826
Villenave-d'Ornon,827
Le Plessis-Robinson,828
Roanne,829
Posadas,830
CuliacÃ¡n,831
Cienfuegos,832
Birigui,833
Denizli,834
Guwahati,835
Jinan,836
Corum,837
Rawalpindi,838
Huainan,839
Luoyang,840
Hangzhou,841
Huaiyin,842
Guangshui,843
Baguio City,844
Vientiane,845
Gwalior,846
Hanoi,847
Yingcheng,848
Qarshi,849
Zahedan,850
Anjo,851
Abadan,852
Anshan,853
Kuala Terengganu,854
Visakhapatnam,855
Kollam,856
Al Muharraq,857
Zaozhuang,858
Xichang,859
Dubbo,860
Nellore,861
Albany,862
Mount Isa,863
Clinton,864
Oswego,865
Saint Charles,866
Decatur,867
Costa Mesa,868
Asheville,869
Lowell,870
Akron,871
Springfield,872
Henderson,873
North York,874
Grand Rapids,875
Mississauga,876
Round Rock,877
Arlington,878
San Diego,879
Tucson,880
Detroit,881
Minneapolis,882
Charlotte,883
Windsor,884
Newport News,885
Oceanside,886
Surrey,887
San Antonio,888
Omaha,889
Baltimore,890
Dallas,891
Calgary,892
Jackson,893
Chicago,894
Waterbury,895
Parker,896
Fairfield,897
FayÃºn,898
Bournemouth,899
Argentan,900
Saint-Michel-sur-Orge,901
Ghent,902
Maisons-Alfort,903
Solihull,904
Perpignan,905
Ufa,906
Kumanovo,907
Athis-Mons,908
Almelo,909
Odense,910
Bergheim,911
Rotterdam,912
Kaliningrado,913
Bergamo,914
Foggia,915
Mainz,916
Kryvyy Rih,917
Vila Nova de Gaia,918
Fontaine,919
Issy-les-Moulineaux,920
Apeldoorn,921
Slupsk,922
Frederiksberg,923
Zagreb,924
Le Creusot,925
Huddersfield,926
Hamm,927
Marly-le-Roi,928
Leeuwarden,929
BudÃ«nnovsk,930
Dundee,931
Bezons,932
Douarnenez,933
Constanza,934
Guidonia Montecelio,935
Viroflay,936
Freiburg,937
Hamar,938
Lyon,939
Saint-Quentin,940
Bagneux,941
San Galo,942
Bayreuth,943
Varna,944
Soissons,945
Ostrava,946
Liberec,947
Zurich,948
Pau,949
Capua,950
Ivanovo,951
Melilla,952
Kaluga,953
Getafe,954
Munster,955
Arles,956
Poltava,957
Basildon,958
Upsala,959
Winterthur,960
Grosseto,961
Aligudarz,962
Taiping,963
Medina,964
Chennai,965
Kuala Lumpur,966
Ad Diwaniyah,967
Kita-ku,968
Himeji,969
Wagga Wagga,970
Bahawalpur,971
Arbil,972
Xi'an,973
Nishinomiya,974
Shiraz,975
Bokaro,976
Wellington,977
Malegaon,978
Liaocheng,979
Zhengzhou,980
Taizhou,981
Chittagong,982
Thiruvananthapuram,983
Atsugacho,984
Zhanjiang,985
Jalalabad,986
Soma,987
Rotorua,988
Agra,989
Kuantan,990
Yangjiang,991
Tiflis,992
Mosul,993
Xiaogan,994
ZanyÃ¡n,995
Jincheng,996
Mamak,997
Nanchang,998
Mianyang,999
Xianyang,1000
Nowra,1001
Denpasar,1002
Nanyang,1003
Daejeon,1004
Changzhou,1005
Gisborne,1006
Takatsuki,1007
Devonport,1008
Rach Gia,1009
Bandar Abbas,1010
Huntsville,1011
Newark,1012
Memphis,1013
Fayetteville,1014
Richmond,1015
Lakeland,1016
Auburn,1017
Pharr,1018
Hempstead,1019
Louisville,1020
Wichita,1021
Fort Worth,1022
Columbia,1023
Atlanta,1024
Odessa,1025
Saanich,1026
Las Vegas,1027
Morgan Hill,1028
Portland,1029
Buffalo,1030
Amarillo,1031
Tampa,1032
Frisco,1033
Tallahassee,1034
Lewiston,1035
Port Saint Lucie,1036
Saint Louis,1037
Lawrence,1038
Saskatoon,1039
Redmond,1040
Edea,1041
Chitungwiza,1042
Harare,1043
Lubumbashi,1044
Djougou,1045
Keren,1046
Ouagadougou,1047
Ennigerloh,1048
Solingen,1049
Naples,1050
Langen,1051
Ramnicu Valcea,1052
Mansfield,1053
Montmorency,1054
Oldenburg,1055
Ivry-sur-Seine,1056
Saint-Denis,1057
Poole,1058
Boulogne-sur-Mer,1059
Champigny-sur-Marne,1060
Suihua,1061
Wuchuan,1062
Rohtak,1063
San Jose del Monte,1064
Santa Rosa,1065
Masaya,1066
Soyapango,1067
MedellÃ­n,1068
Nicoya,1069
RibeirÃ£o Preto,1070
EstelÃ­,1071
Itapevi,1072
Oruro,1073
Progreso,1074
Curitiba,1075
Toluca,1076
Fortaleza,1077
Avellaneda,1078
Azcapotzalco,1079
Porto-Novo,1080
Nigde,1081
Ardahan,1082
Maltepe,1083
Magnitogorsk,1084
Kananga,1085
Poznan,1086
Mbandaka,1087
Akhisar,1088
Tamale,1089
Sanliurfa,1090
Kahramanmara?,1091
Ankara,1092
Haifa,1093
Toronto,1094
Rabat,1095
Kaduna,1096
Uskudar,1097
Thies Nones,1098
OrÃ¡n,1099
Sacramento,1100
Clarksville,1101
Noblesville,1102
Lakewood,1103
Wheeling,1104
Chester,1105
Spokane,1106
Little Rock,1107
Wilmington,1108
Broken Arrow,1109
Chesapeake,1110
Englewood,1111
Phoenix,1112
Southaven,1113
Redlands,1114
Quincy,1115
Saint Paul,1116
Harrisonburg,1117
New Albany,1118
Griffith,1119
Fushun,1120
Moradabad,1121
Nagercoil,1122
Yunyang,1123
Kulti,1124
Imphal,1125
Pisa,1126
Amadora,1127
Tilburg,1128
Naumburg,1129
Valdemoro,1130
Olivet,1131
Epinal,1132
Avellino,1133
Schiedam,1134
Ravenna,1135
Flers,1136
Emden,1137
Rimini,1138
Surubim,1139
Pontes e Lacerda,1140
CoyoacÃ¡n,1141
Arauca,1142
Choloma,1143
Soledad DÃ­ez GutiÃ©rrez,1144
San Rafael,1145
Milpa Alta,1146
Feira de Santana,1147
Francisco BeltrÃ£o,1148
AraguaÃ­na,1149
San JosÃ© de las Lajas,1150
San Pablo de las Salinas,1151
GÃ³mez Palacio,1152
EunÃ¡polis,1153
Palma Soriano,1154
Neiva,1155
Matanzas,1156
Bello,1157
Santa Clara,1158
Betim,1159
Puerto Montt,1160
AnÃ¡polis,1161
Santa Ana,1162
Morelia,1163
Puerto La Cruz,1164
La Romana,1165
Santa Cruz de Barahona,1166
Barra Mansa,1167
Salvador,1168
JoÃ£o Pessoa,1169
Nuevo Laredo,1170
Santo Domingo de los Colorados,1171
La Vega,1172
Santa Marta,1173
Mendoza,1174
Bagcilar,1175
Ivano-Frankivs'k,1176
Mwanza,1177
Benghazi,1178
Arkhangelsk,1179
JizÃ¡n,1180
Tivoli,1181
Cachan,1182
Les Pavillons-sous-Bois,1183
Lodz,1184
Kremenchuk,1185
Villeneuve-d'Ascq,1186
Radom,1187
Bourgoin-Jallieu,1188
Hildesheim,1189
Villiers-sur-Marne,1190
Marina di Carrara,1191
Siauliai,1192
Blackpool,1193
Heerlen,1194
Solna,1195
Domont,1196
Puteaux,1197
Erfurt,1198
Santa Fe,1199
San Francisco del RincÃ³n,1200
Porto Alegre,1201
Miguel Hidalgo,1202
Heroica ZitÃ¡cuaro,1203
Veracruz,1204
Choluteca,1205
Resende,1206
San CristÃ³bal de Las Casas,1207
Tuxtla GutiÃ©rrez,1208
MossorÃ³,1209
Celaya,1210
GonaÃ¯ves,1211
Sancti SpÃ­ritus,1212
Armenia,1213
Metepec,1214
Tulancingo,1215
Castanhal,1216
Bucaramanga,1217
Soledad,1218
AcuÃ±a,1219
ItaÃºna,1220
San Fernando,1221
El LimÃ³n,1222
Barranquilla,1223
Poza Rica de Hidalgo,1224
Altamira,1225
Mexicali,1226
Ponte Nova,1227
San Juan,1228
Manzanillo,1229
Callao,1230
Montenegro,1231
Caxias do Sul,1232
Delgado,1233
Blumenau,1234
Las Piedras,1235
ColÃ³n,1236
Teresina,1237
Gaziantep,1238
Busan,1239
Konya,1240
Bunbury,1241
Surat,1242
Laiyang,1243
Bhatpara,1244
Malayer,1245
Parbhani,1246
KaragandÃ¡,1247
Huaibei,1248
Matsubara,1249
Harbin,1250
Baotou,1251
Bhubaneswar,1252
Gongzhuling,1253
Bhatinda,1254
Alice Springs,1255
Escuintla,1256
Pilar,1257
Caracas,1258
Cabo Frio,1259
Valinhos,1260
Tlalnepantla,1261
ObregÃ³n,1262
El Progreso,1263
General Escobedo,1264
San Luis RÃ­o Colorado,1265
Contramaestre,1266
Talcahuano,1267
Victoria,1268
Reynosa,1269
Bridgetown,1270
SÃ£o GonÃ§alo,1271
Penedo,1272
Moa,1273
Los Mochis,1274
Maracaibo,1275
Recife,1276
Guacara,1277
Villa Frontera,1278
Madero,1279
Iguala,1280
Cochabamba,1281
ConsolaciÃ³n del Sur,1282
Igarassu,1283
Manizales,1284
Guasave,1285
MÃ©rida,1286
Pindamonhangaba,1287
Barquisimeto,1288
AÃ§u,1289
Yopal,1290
Sylhet,1291
Hamilton,1292
Kulob,1293
Shangqiu,1294
Pematangsiantar,1295
Almaty,1296
Pontianak,1297
Ekibastuz,1298
Palmerston North,1299
Srinagar,1300
Homs,1301
Benxi,1302
Katoomba,1303
Dumai,1304
Bogor,1305
Varanasi,1306
Dewas,1307
Amritsar,1308
Al Hillah,1309
Kakinada,1310
Khulna,1311
Korba,1312
Cormeilles-en-Parisis,1313
Ferrara,1314
Herne,1315
Manaus,1316
Puerto Padre,1317
Les Abymes,1318
Colima,1319
Nova Serrana,1320
Huancayo,1321
ParanÃ¡,1322
Ashdod,1323
Hohhot,1324
Fengcheng,1325
Port Moresby,1326
Fukuyama,1327
Turgutlu,1328
Smyrna,1329
Ibadan,1330
Katsina,1331
Cesena,1332
Farnborough,1333
San NicolÃ¡s de los Arroyos,1334
Jieyang,1335
Franklin,1336
SÃ£o Leopoldo,1337
Klaip?da,1338
GÃ³mel,1339
Broken Hill,1340
Kunming,1341
Sukabumi,1342
Bijapur,1343
Raleigh,1344
Moca,1345
Bulawayo,1346
Malanje,1347
Reus,1348
Neuilly-sur-Marne,1349
Irkutsk,1350
Quimper,1351
Horlivka,1352
Mannheim,1353
Blenheim,1354
Kukatpalli,1355
Las Pinas,1356
Changzhi,1357
Changchun,1358
Baku,1359
Yanbu al Bahr,1360
Khorramabad,1361
Chaoyang,1362
Jiangyou,1363
Seremban,1364
Ceyhan,1365
Warangal,1366
Tiruchchirappalli,1367
Pekanbaru,1368
Licheng,1369
Wodonga,1370
Lucknow,1371
Darbhanga,1372
Kuching,1373
Jieshou,1374
Lanxi,1375
Mount Gambier,1376
Wenling,1377
Melton,1378
Jiangmen,1379
Meerut,1380
Hangu,1381
Mashhad,1382
Turkmenabat,1383
Whyalla,1384
Traralgon,1385
Aurora,1386
Salem,1387
Ponferrada,1388
Irun,1389
Arezzo,1390
Acireale,1391
Walsall,1392
Alicante,1393
Fontainebleau,1394
Sevastopol,1395
Salina Cruz,1396
Guayaquil,1397
MaringÃ¡,1398
Puente Alto,1399
San Luis PotosÃ­,1400
San Pedro de MacorÃ­s,1401
Itaituba,1402
Piedras Negras,1403
Rancagua,1404
Antiguo CuscatlÃ¡n,1405
Santa Catarina,1406
JequiÃ©,1407
BanÃ­,1408
AmatitlÃ¡n,1409
SimÃµes Filho,1410
ChapecÃ³,1411
Resistencia,1412
Barreirinhas,1413
PaysandÃº,1414
JataÃ­,1415
Cruzeiro,1416
Rivera,1417
Uruguaiana,1418
Arapiraca,1419
Guarapuava,1420
San Francisco de MacorÃ­s,1421
Campeche,1422
ItajaÃ­,1423
Turmero,1424
Bom Jesus da Lapa,1425
Gaspar,1426
Linhares,1427
Miramar,1428
IlhÃ©us,1429
Umuarama,1430
SÃ£o JosÃ© dos Campos,1431
IbiÃºna,1432
Praia Grande,1433
Cruz das Almas,1434
Santa Cruz de la Sierra,1435
Novo Gama,1436
Pouso Alegre,1437
Jacobina,1438
AsunciÃ³n,1439
Paita,1440
Apodaca,1441
Bayamo,1442
Spanish Town,1443
Santo AndrÃ©,1444
Ciego de Ãvila,1445
TorreÃ³n,1446
Limoeiro do Norte,1447
Cajazeiras,1448
Pereira,1449
CamaÃ§ari,1450
Franca,1451
TupÃ£,1452
Juiz de Fora,1453
Cajamarca,1454
Votuporanga,1455
Puerto Vallarta,1456
Chinandega,1457
Antofagasta,1458
Sabanalarga,1459
Ji-ParanÃ¡,1460
San Juan de la Maguana,1461
AraÃ§atuba,1462
Canoas,1463
CancÃºn,1464
San CristÃ³bal,1465
GrajaÃº,1466
Kirsehir,1467
Sandakan,1468
Asjabad,1469
Binzhou,1470
Guiyang,1471
Lower Hutt,1472
Ballarat,1473
Calamba,1474
Kashan,1475
Amman,1476
Al Mubarraz,1477
Yazd,1478
Sakaka,1479
Chifeng,1480
Ludhiana,1481
Kermanshah,1482
Padang,1483
Kowloon,1484
Kokshetau,1485
Nazilli,1486
Nagasaki,1487
Sivas,1488
Firozabad,1489
Xiamen,1490
Ninghai,1491
Kozhikode,1492
Xintai,1493
Mardin,1494
Kalyan,1495
Boulogne-Billancourt,1496
Targu Mures,1497
Donets'k,1498
Jerez de la Frontera,1499
Oberhausen,1500
Pontoise,1501
Crawley,1502
Wasquehal,1503
Miass,1504
Villach,1505
VladÃ­mir,1506
Annemasse,1507
Metz,1508
Levallois-Perret,1509
Givors,1510
BÃ©lgorod,1511
Menden,1512
ArraijÃ¡n,1513
Rosario,1514
ConcepciÃ³n del Uruguay,1515
ViÃ±a del Mar,1516
ApatzingÃ¡n de la ConstituciÃ³n,1517
TecomÃ¡n,1518
VitÃ³ria,1519
Portoviejo,1520
Trinidad,1521
Passo Fundo,1522
Aracaju,1523
San AndrÃ©s Tuxtla,1524
JamundÃ­,1525
TehuacÃ¡n,1526
Lagos de Moreno,1527
SÃ£o Miguel dos Campos,1528
Sonsonate,1529
Bezerros,1530
Kochi,1531
Invercargill,1532
Lanzhou,1533
Kilis,1534
Siirt,1535
Chaozhou,1536
Erzurum,1537
Tauranga,1538
Sukkur,1539
Mysore,1540
Kolhapur,1541
Jiaozuo,1542
Aew?l-li,1543
Edogawa-ku,1544
Kastamonu,1545
Superior,1546
Regina,1547
MontrÃ©al,1548
Tempe,1549
Albuquerque,1550
Wilson,1551
Mesquite,1552
Woodland,1553
El Jadida,1554
Abha,1555
Antakya,1556
Nzerekore,1557
Likasi,1558
Fort Lauderdale,1559
Pasadena,1560
Kent,1561
Bangor,1562
Morristown,1563
Nashville,1564
Marietta,1565
Miami,1566
Oak Park,1567
Wausau,1568
Fremont,1569
Milwaukee,1570
Lakeville,1571
Durham,1572
Anqing,1573
Taiyuan,1574
Pimpri,1575
Ichikawa,1576
Cournon-d'Auvergne,1577
Oviedo,1578
Clermont-Ferrand,1579
Cardiff,1580
Cork,1581
Gladbeck,1582
Chieti,1583
Linz,1584
Sceaux,1585
Montauban,1586
Sassari,1587
La Plata,1588
CuiabÃ¡,1589
Malambo,1590
Auch,1591
Lorca,1592
Kingswood,1593
Draguignan,1594
Offenburg,1595
Valles,1596
MorÃ³n,1597
SÃ£o Benedito,1598
Silao,1599
Enugu,1600
Mombasa,1601
Sohag,1602
Watford,1603
Albi,1604
Loures,1605
Villeurbanne,1606
Tallaght,1607
Stavanger,1608
Poissy,1609
Aachen,1610
Rybinsk,1611
Ruda Slaska,1612
Darmstadt,1613
Worms,1614
Livry-Gargan,1615
Zwolle,1616
Suresnes,1617
Les Clayes-sous-Bois,1618
Krefeld,1619
Fort-de-France,1620
JacareÃ­,1621
Cartagena,1622
Bajos de Haina,1623
Los Ãngeles,1624
Maracay,1625
Qitaihe,1626
Tangshan,1627
Ganganagar,1628
Panihati,1629
Cankaya,1630
Tieling,1631
Balikesir,1632
Tiruppur,1633
Saharanpur,1634
Laohekou,1635
Bellary,1636
Tyler,1637
Jonesboro,1638
Vancouver,1639
Portage,1640
Balti,1641
Osijek,1642
Lisichansk,1643
LambarÃ©,1644
Jodhpur,1645
La Mesa,1646
Katowice,1647
Jamnagar,1648
Kayseri,1649
Mecca,1650
Zigong,1651
Dhule,1652
Whangarei,1653
Hefei,1654
Handan,1655
Muskogee,1656
Murfreesboro,1657
Mobile,1658
Westfield,1659
Olathe,1660
Lafayette,1661
Winnipeg,1662
Paterson,1663
Long Beach,1664
Hollywood,1665
Kingston,1666
Arvada,1667
Quebec,1668
East Point,1669
Inglewood,1670
Lancaster,1671
Haltom City,1672
Maputo,1673
Wallasey,1674
Sannois,1675
Esbjerg,1676
Pelotas,1677
Aligarh,1678
Al Hufuf,1679
Jilin,1680
Covington,1681
Dorsten,1682
Saint-Ouen,1683
Bressuire,1684
Thonon-les-Bains,1685
Mar del Plata,1686
Soacha,1687
Iquique,1688
Boa EsperanÃ§a,1689
Gladstone,1690
Mathura,1691
Amravati,1692
Chandigarh,1693
Longview,1694
Lincoln Park,1695
Oklahoma City,1696
Orlando,1697
Maxixe,1698
Sucy-en-Brie,1699
Haarlem,1700
Lugo,1701
ValparaÃ­so,1702
NicolÃ¡s Romero,1703
GuaratinguetÃ¡,1704
Troy,1705
Belfort,1706
TeherÃ¡n,1707
Bareilly,1708
Funabashi,1709
Dongguan,1710
Nha Trang,1711
Donghai,1712
Napier,1713
Doha,1714
Wadi as Sir,1715
Pavlodar,1716
Qiqihar,1717
Xianning,1718
Anaheim,1719
Conway,1720
El Paso,1721
Providence,1722
Rochester,1723
Riverside,1724
Leominster,1725
Austin,1726
Salt Lake City,1727
Waco,1728
Bolingbrook,1729
San Bernardino,1730
Apopka,1731
Pembroke Pines,1732
Everett,1733
Namibe,1734
Kisumu,1735
Garoua,1736
Colmar,1737
Benevento,1738
Noisy-le-Sec,1739
Longjumeau,1740
Kerpen,1741
Rhondda,1742
Le Pontet,1743
Villejuif,1744
Dos Hermanas,1745
Sari,1746
Multan,1747
Saga,1748
Allahabad,1749
Bellevue,1750
Bowling Green,1751
Ndola,1752
Mopti,1753
Torre del Greco,1754
Velletri,1755
Durres,1756
Guaymas,1757
Kaifeng,1758
Queanbeyan,1759
Glendale,1760
Sandy Springs,1761
Kumasi,1762
Bonn,1763
Saint-Genis-Laval,1764
La Celle-Saint-Cloud,1765
Montrouge,1766
Oyonnax,1767
Karlsruhe,1768
Lora del RÃ­o,1769
Colombes,1770
Zaanstad,1771
Estepona,1772
Chimbote,1773
Guanajuato,1774
Gurupi,1775
Tasikmalaya,1776
Nasik,1777
Marikina,1778
Zhumadian,1779
Kaiyuan,1780
Palm Coast,1781
Oshawa,1782
Waynesboro,1783
Freeport,1784
Hesperia,1785
Bristol,1786
Banjarmasin,1787
Kolwezi,1788
Puertollano,1789
Chincha Alta,1790
Laghouat,1791
eMbalenhle,1792
Lusaka,1793
Maidenhead,1794
Lida,1795
Lens,1796
Nottingham,1797
Fareham,1798
Runcorn,1799
Sagunto,1800
Cannes,1801
Como,1802
Blackburn,1803
Vigo,1804
Euskirchen,1805
Vernon,1806
Gubkin,1807
Praga,1808
Troisdorf,1809
Leuven,1810
Burnley,1811
Briansk,1812
Graz,1813
Bruselas,1814
Norderstedt,1815
Eindhoven,1816
PotosÃ­,1817
Palmira,1818
SÃ£o LuÃ­s,1819
Melchor Ocampo,1820
GuzmÃ¡n,1821
CaÃ§ador,1822
Piura,1823
IbiritÃ©,1824
Zihuatanejo,1825
Los Patios,1826
LenÃ§Ã³is Paulista,1827
Bengkulu,1828
Karnal,1829
Mentougou,1830
Quchan,1831
Hapur,1832
Jinjiang,1833
Sanya,1834
Bengbu,1835
HamadÃ¡n,1836
Jining,1837
Jammu,1838
Edinburg,1839
Lake Elsinore,1840
Indianapolis,1841
Allentown,1842
Grand Prairie,1843
New Bedford,1844
Garden City,1845
La Crosse,1846
Redwood City,1847
Chattanooga,1848
Mesa,1849
Dover,1850
Mount Vernon,1851
North Las Vegas,1852
Kenosha,1853
Cleveland,1854
Avondale,1855
Green Bay,1856
Naperville,1857
Glenview,1858
Watertown,1859
Trenton,1860
Bakersfield,1861
Plano,1862
Rio Rancho,1863
Vallejo,1864
Bossier City,1865
Markham,1866
Bloomington,1867
Hackensack,1868
Burlington,1869
Toledo,1870
Santa Barbara,1871
Texas City,1872
Middletown,1873
Evanston,1874
Eugene,1875
Pensacola,1876
Edmonds,1877
Plainfield,1878
Boynton Beach,1879
La Porte,1880
Irving,1881
Athens,1882
Safi,1883
BÃ©char,1884
Yaounde,1885
Aba,1886
Ebolowa,1887
Abeokuta,1888
Beni Suef,1889
Mubi,1890
Kisangani,1891
Kankan,1892
Krugersdorp,1893
Loubomo,1894
Spijkenisse,1895
Bedford,1896
Murcia,1897
Dinslaken,1898
Les Mureaux,1899
Cluj-Napoca,1900
Bialystok,1901
Roeselare,1902
Faches-Thumesnil,1903
Barnsley,1904
Dudley,1905
Pomezia,1906
Grasse,1907
Villefontaine,1908
Tarnow,1909
Rovigo,1910
Tuzla,1911
Zaporiyia,1912
Burgas,1913
Moers,1914
Klagenfurt,1915
Grenoble,1916
Coslada,1917
Witten,1918
Fuengirola,1919
Montigny-le-Bretonneux,1920
Fleury-les-Aubrais,1921
Chesterfield,1922
Elda,1923
Pierrefitte-sur-Seine,1924
Narbonne,1925
Bruges,1926
Frontignan,1927
Schiltigheim,1928
Hagen,1929
Trieste,1930
Amiens,1931
Caucaia,1932
Corrientes,1933
Novo Cruzeiro,1934
Monclova,1935
Boa Vista,1936
Natal,1937
PetrÃ³polis,1938
CÃ¡rdenas,1939
Barbacena,1940
Cuajimalpa,1941
Jaboticabal,1942
Mogi das Cruzes,1943
JosÃ© BonifÃ¡cio,1944
BolÃ­var,1945
CuautitlÃ¡n,1946
Abreu e Lima,1947
IbaguÃ©,1948
IjuÃ­,1949
Bhopal,1950
Bhiwandi,1951
Yokkaichi,1952
Khorramshahr,1953
Ambattur,1954
Amol,1955
Felahiye,1956
Menemen,1957
Geraldton,1958
Bandirma,1959
Yanji,1960
Mascate,1961
Mary,1962
Osmaniye,1963
Masjed Soleyman,1964
Guntur,1965
Karbala,1966
Arak,1967
Changsha,1968
Yicheng,1969
Matsudo,1970
Etimesgut,1971
Huizhou,1972
Shimonoseki,1973
Shijiazhuang,1974
Coimbatore,1975
Dearborn,1976
York,1977
Pomona,1978
Caldwell,1979
Gastonia,1980
Saginaw,1981
Lorain,1982
Lubbock,1983
Saint-Laurent,1984
Yonkers,1985
Montgomery,1986
Roseville,1987
Suffolk,1988
Des Moines,1989
Utica,1990
Apple Valley,1991
Washington,1992
Bridgeton,1993
Tigard,1994
Rockford,1995
Malden,1996
Bloemfontein,1997
Batna,1998
Sokoto,1999
Westonaria,2000
TÃºnez,2001
Maradi,2002
Benguela,2003
Bideford,2004
Friedberg,2005
Schiffweiler,2006
Resita,2007
Rosny-sous-Bois,2008
Lisieux,2009
Arad,2010
Montereau-Fault-Yonne,2011
Uman,2012
Passau,2013
Busto Arsizio,2014
Luts'k,2015
Denain,2016
Bourges,2017
Meaux,2018
Slough,2019
Reading,2020
El Ejido,2021
Cottbus,2022
Sunnyvale,2023
Carrollton,2024
Pine Bluff,2025
Laredo,2026
Mishawaka,2027
Ngaoundere,2028
Makeni,2029
Mbeya,2030
Ilorin,2031
Jos,2032
Natitingou,2033
East London,2034
Yibuti,2035
Bertoua,2036
Bilbeis,2037
Grodno,2038
Wels,2039
Villeneuve-sur-Lot,2040
Taverny,2041
Usol'ye-Sibirskoye,2042
Kopeysk,2043
Santiago de Compostela,2044
Guyancourt,2045
Norwich,2046
Bolzano,2047
Baia Mare,2048
Le Cannet,2049
Ludwigshafen am Rhein,2050
Drogobych,2051
ChisinÃ¡u,2052
Gardanne,2053
Beaune,2054
Guayana,2055
OcaÃ±a,2056
Sahuayo de JosÃ© MarÃ­a Morelos,2057
Duque de Caxias,2058
Chetumal,2059
Montes Claros,2060
GoiÃ¢nia,2061
Fresnillo de GonzÃ¡lez EcheverrÃ­a,2062
Carora,2063
Diadema,2064
Esenyurt,2065
Khomeynishahr,2066
Banda Aceh,2067
Sabzevar,2068
Shuangyashan,2069
Ueda,2070
Hendersonville,2071
Scottsdale,2072
Hickory,2073
Meridian,2074
Waterloo,2075
Knoxville,2076
Bafoussam,2077
Kigoma,2078
Bujumbura,2079
Beauvais,2080
Ceuta,2081
Quartu Sant'Elena,2082
Castellammare di Stabia,2083
Nizhyn,2084
Rybnik,2085
Worthing,2086
Santander,2087
Oxford,2088
Fiumicino,2089
Sant Boi de Llobregat,2090
Podgorica,2091
Sarajevo,2092
Garza GarcÃ­a,2093
Orange,2094
Sterling Heights,2095
Hialeah,2096
Chandler,2097
Chalinze,2098
Libreville,2099
Vignola,2100
Fontenay-le-Comte,2101
Delft,2102
Abbeville,2103
Saint-Pierre-des-Corps,2104
Bath,2105
Vlore,2106
Cremona,2107
Colomiers,2108
Lorena,2109
ParanaguÃ¡,2110
Mosquera,2111
Guanambi,2112
Andijon,2113
Papakura,2114
Ningbo,2115
Brampton,2116
Severodvinsk,2117
San Bernardo,2118
Islamabad,2119
Wuchang,2120
Johnson City,2121
Saint-Dizier,2122
Lake Charles,2123
Al Manaqil,2124
Sidi Qacem,2125
Saint-Nazaire,2126
Gulu,2127
Boscoreale,2128
Cagua,2129
Cuenca,2130
Nanning,2131
Mission Viejo,2132
Barry,2133
Yulin,2134
Kafr ad Dawwar,2135
Morley,2136
Rio Grande,2137
Peshawar,2138
GirÃ³n,2139
Coventry,2140
Kigali,2141
Juba,2142
Koblenz,2143
Unna,2144
Luxemburgo,2145
Newcastle upon Tyne,2146
Maisons-Laffitte,2147
Toul,2148
Pinheiro,2149
Sucre,2150
San Lorenzo,2151
Petare,2152
Zhongxiang,2153
Indore,2154
Shah Alam,2155
Zunyi,2156
Gaithersburg,2157
Carlsbad,2158
Vineland,2159
George,2160
Liverpool,2161
Pingdingshan,2162
Patiala,2163
Kumba,2164
Beni Mellal,2165
Iasi,2166
Hinckley,2167
Arras,2168
Kettering,2169
Bar-le-Duc,2170
Latina,2171
Imola,2172
El Prat de Llobregat,2173
Venlo,2174
Saint-Cyr-sur-Loire,2175
Yambol,2176
Echirolles,2177
Saumur,2178
Villingen-Schwenningen,2179
Grevenbroich,2180
Carquefou,2181
Worcester,2182
Osasco,2183
Salamanca,2184
Behshahr,2185
Puducherry,2186
Cuttack,2187
Mcallen,2188
Angers,2189
Hradec KrÃ¡lovÃ©,2190
Presidencia Roque SÃ¡enz PeÃ±a,2191
Greensboro,2192
Beira,2193
Sikasso,2194
Arusha,2195
Sokode,2196
Chingola,2197
Owo,2198
Menia,2199
Giyani,2200
Windhoek,2201
Nouakchott,2202
Benin City,2203
Pemba,2204
Ilesha,2205
Mpumalanga,2206
Messaad,2207
Marsabit,2208
Kandi,2209
Bo,2210
Torcy,2211
Flensburg,2212
Basel,2213
La Spezia,2214
Roermond,2215
Krasnyy Luch,2216
Pforzheim,2217
Potenza,2218
Alkmaar,2219
Torquay,2220
Nitra,2221
Laval,2222
Nikopol,2223
Trento,2224
Hilversum,2225
Neuilly-Plaisance,2226
Sonderborg,2227
Landskrona,2228
Evreux,2229
Illkirch-Graffenstaden,2230
Foligno,2231
Ercolano,2232
Leverkusen,2233
Deventer,2234
Zhlobin,2235
Parla,2236
Lecce,2237
Alfortville,2238
TernÃ³pil,2239
Nogent-sur-Oise,2240
Douai,2241
Saint-Herblain,2242
Mitry-Mory,2243
Korce,2244
Huyton,2245
Lausanne,2246
Montesson,2247
Buzau,2248
Eragny,2249
Les Ulis,2250
Hove,2251
Namur,2252
Yerres,2253
Taranto,2254
Innsbruck,2255
Wakefield,2256
Lunel,2257
Assen,2258
Bottrop,2259
Alcobendas,2260
Lund,2261
Pistoia,2262
Landerneau,2263
Hemel Hempstead,2264
Paderborn,2265
Rochdale,2266
Minden,2267
Coimbra,2268
Roubaix,2269
Auxerre,2270
Saint-Jean-de-la-Ruelle,2271
Forbach,2272
Aalst,2273
Lomme,2274
Plock,2275
Sittard,2276
Troyes,2277
Panevezys,2278
Cherkasy,2279
Sibiu,2280
Chelmsford,2281
Gillingham,2282
Velsen,2283
Regensburg,2284
JundiaÃ­,2285
Ardebil,2286
Barasat,2287
Can Tho,2288
Binjai,2289
Sanandaj,2290
Yangquan,2291
Elazig,2292
Lake Forest,2293
Marion,2294
Jupiter,2295
Coral Springs,2296
Georgetown,2297
Man,2298
Kamina,2299
Owerri,2300
Birkenhead,2301
Massy,2302
Helsingborg,2303
Falconara Marittima,2304
Plovdiv,2305
Legnano,2306
Lattes,2307
Middlesbrough,2308
Lippstadt,2309
Braila,2310
Montgeron,2311
Vitry-sur-Seine,2312
Ploemeur,2313
Manresa,2314
Bamberg,2315
Ipiales,2316
Baruta,2317
Rosarito,2318
Tirupati,2319
Naihati,2320
Changde,2321
Concord,2322
Larache,2323
Atakpame,2324
Funtua,2325
Mabopane,2326
Istres,2327
Bergen,2328
Albacete,2329
Cluses,2330
Lucca,2331
Vertou,2332
Hattingen,2333
Pesaro,2334
Sonneberg,2335
Saint-Laurent-du-Var,2336
Harrogate,2337
Badajoz,2338
Limoges,2339
Chilpancingo,2340
TianguÃ¡,2341
Linares,2342
Paracatu,2343
Florencia,2344
Acarigua,2345
Ituiutaba,2346
Akola,2347
Forster,2348
Plantation,2349
Murray,2350
Hattiesburg,2351
Olympia,2352
Corpus Christi,2353
Layton,2354
Normal,2355
West Jordan,2356
Antioch,2357
Broomfield,2358
Pleasant Grove,2359
Margate,2360
Beverly,2361
New Rochelle,2362
Marsa Matruh,2363
Mostaganem,2364
Khenifra,2365
Onitsha,2366
Misurata,2367
Bamako,2368
Skikda,2369
Agadir,2370
Bamenda,2371
Firminy,2372
Hereford,2373
Targu Jiu,2374
Palencia,2375
Hazebrouck,2376
Taunton,2377
Jena,2378
Gradignan,2379
Berdychiv,2380
Randers,2381
Chernihiv,2382
Capelle aan den IJssel,2383
Antibes,2384
Marsala,2385
Valle Hermoso,2386
AraucÃ¡ria,2387
BahÃ­a Blanca,2388
Arica,2389
Port Arthur,2390
Port Said,2391
Vigevano,2392
Sarreguemines,2393
Evry,2394
Warrington,2395
Yacuiba,2396
Itapetininga,2397
Conselheiro Lafaiete,2398
Etawah,2399
Yueyang,2400
Torrance,2401
Alessandria,2402
Provo,2403
CumanÃ¡,2404
Chililabombwe,2405
Kayes,2406
Kabwe,2407
Sanary-sur-Mer,2408
Schwerin,2409
Weston-super-Mare,2410
Fresnes,2411
Limay,2412
Kalisz,2413
Ensenada,2414
Yaritagua,2415
Ananindeua,2416
Dourados,2417
ChillÃ¡n,2418
ValparaÃ­so de GoiÃ¡s,2419
Osorno,2420
Aracati,2421
Purwokerto,2422
Gaoyou,2423
Xinghua,2424
Cizre,2425
Dayr az Zawr,2426
Kwangju,2427
Ulsan,2428
Colorado Springs,2429
Daytona Beach,2430
San Gabriel,2431
Virginia Beach,2432
Purmerend,2433
Van,2434
St. Catharines,2435
Sierra Vista,2436
Lansing,2437
Ashford,2438
Pucallpa,2439
Trujillo,2440
Tabora,2441
Ilo,2442
Greenville,2443
Valledupar,2444
Vryburg,2445
Tetouan,2446
Fianarantsoa,2447
Kikwit,2448
Kasama,2449
Manzini,2450
Vitrolles,2451
Craiova,2452
Vlaardingen,2453
Altotonga,2454
Gawler,2455
Tirunelveli,2456
Palu,2457
Fasa,2458
Kozan,2459
Cessnock,2460
Varamin,2461
Puyang,2462
Levin,2463
Viransehir,2464
Ramat Aviv,2465
An Nasiriyah,2466
Asansol,2467
Beaumont,2468
Redondo Beach,2469
Charlottesville,2470
Richmond Hill,2471
Vaughan,2472
Neunkirchen,2473
Clichy,2474
Cheshunt,2475
Halluin,2476
Viterbo,2477
Linden,2478
Esquina,2479
Piedecuesta,2480
Mezitli,2481
Whitby,2482
NeuquÃ©n,2483
Hengyang,2484
Passaic,2485
Udaipur,2486
Calabar,2487
Gravesend,2488
Rivne,2489
Gummersbach,2490
KostanÃ¡i,2491
Orem,2492
Sobral,2493
Vereeniging,2494
Gebze,2495
Drammen,2496
Gosport,2497
Granollers,2498
Valence,2499
BraganÃ§a Paulista,2500
SumarÃ©,2501
Frontera,2502
Tawau,2503
Jhansi,2504
Iranshahr,2505
Koshigaya,2506
Envigado,2507
Cergy,2508
Neubrandenburg,2509
Allen,2510
Amasya,2511
Holon,2512
Nampula,2513
Damaturu,2514
Saida,2515
East Kilbride,2516
Chatou,2517
Iquitos,2518
Temixco,2519
Cayenne,2520
RolÃ¢ndia,2521
CriciÃºma,2522
SÃ£o Pedro da Aldeia,2523
Bene Beraq,2524
Jember,2525
Kurashiki,2526
Yuanjiang,2527
Yalova,2528
Beykoz,2529
Muzaffarpur,2530
Weihai,2531
Panipat,2532
Cuyahoga Falls,2533
Roswell,2534
Orland Park,2535
Harlingen,2536
Dearborn Heights,2537
Lehi,2538
Champaign,2539
VorÃ³nezh,2540
Bra?ov,2541
Paisley,2542
Vacaria,2543
Farroupilha,2544
Datong,2545
Da Nang,2546
Shrewsbury,2547
Batman,2548
Roodepoort,2549
Tychy,2550
Avion,2551
Trappes,2552
VitÃ³ria de Santo AntÃ£o,2553
Bangui,2554
Settat,2555
Pernik,2556
Sunbury,2557
Talence,2558
Les Lilas,2559
Willich,2560
Potsdam,2561
Calabozo,2562
Villa Alemana,2563
GravataÃ­,2564
Itapecerica da Serra,2565
CopiapÃ³,2566
Ibaraki,2567
Gaya,2568
Hoover,2569
Abbotsford,2570
Calama,2571
Francisco Morato,2572
Sapucaia do Sul,2573
Sinop,2574
Cabo de Santo Agostinho,2575
Cholula,2576
San Fernando del Valle de Catamarca,2577
Guarapari,2578
Campo Grande,2579
Coatzacoalcos,2580
Mococa,2581
Comodoro Rivadavia,2582
Bonao,2583
Tinaquillo,2584
Apucarana,2585
Jinhua,2586
Sakai,2587
Shashi,2588
Taytay,2589
QazvÃ­n,2590
Sonipat,2591
Palmerston,2592
Haikou,2593
Avadi,2594
Shouguang,2595
Handa,2596
Suwon,2597
Birjand,2598
Zhenjiang,2599
Quetta,2600
Rajshahi,2601
Ezhou,2602
Takamatsu,2603
Upper Hutt,2604
Chaohu,2605
Gaziemir,2606
Baranagar,2607
Zhaoyuan,2608
Escondido,2609
Tamarac,2610
The Colony,2611
Skokie,2612
Westminster,2613
Norfolk,2614
League City,2615
Meriden,2616
San Marcos,2617
College Station,2618
Redding,2619
Montebello,2620
Saint Cloud,2621
Kadoma,2622
Durban,2623
Pitesti,2624
Dieppe,2625
Bourg-en-Bresse,2626
TaubatÃ©,2627
SÃ£o Vicente,2628
CubatÃ£o,2629
Artemisa,2630
Jamshedpur,2631
Polatli,2632
Alanya,2633
Wuxi,2634
Taipei,2635
Guelph,2636
Encinitas,2637
Eagan,2638
Zlatoust,2639
JersÃ³n,2640
Zabrze,2641
Chaville,2642
Pontevedra,2643
Pilsen,2644
Cinisello Balsamo,2645
Haninge,2646
Mijas,2647
Coulommiers,2648
Dronfield,2649
Saint-Brieuc,2650
Outreau,2651
Tallinn,2652
Dewsbury,2653
Tournefeuille,2654
Uberaba,2655
OriximinÃ¡,2656
BagÃ©,2657
Huaraz,2658
Sagamihara,2659
Jiangdu,2660
Xinshi,2661
Brahmapur,2662
Toyohashi,2663
Laguna Niguel,2664
Grove City,2665
Edmonton,2666
Rockville,2667
Helena,2668
Sparks,2669
Arzgir,2670
Garanhuns,2671
Salta,2672
Bijie,2673
Hampton,2674
Great Falls,2675
Rustenburg,2676
Shkoder,2677
Liaoyang,2678
Thanjavur,2679
Mtwara,2680
CÃºa,2681
Hachinohe,2682
Botosani,2683
Aswan,2684
Mohammedia,2685
Antsiranana,2686
Bonneuil-sur-Marne,2687
Breda,2688
Lanester,2689
Clydach,2690
Pestovo,2691
Pulheim,2692
Sabadell,2693
Forst,2694
Lucerna,2695
ÃstÃ­ nad Labem,2696
Catia La Mar,2697
Presidente Prudente,2698
San Juan del RÃ­o,2699
Xining,2700
Bilaspur,2701
Aoba-ku,2702
Xiangtan,2703
Beirut,2704
Tanggu,2705
Chenzhou,2706
Irbid,2707
Brownsville,2708
Shelton,2709
Bethlehem,2710
Midland,2711
Huntington Beach,2712
Bukavu,2713
Rueil-Malmaison,2714
Nicosia,2715
Bron,2716
TeziutlÃ¡n,2717
Verviers,2718
Brentwood,2719
Echuca,2720
Atlantic City,2721
Kaiserslautern,2722
PatrocÃ­nio,2723
Ratlam,2724
Varese,2725
Plaisir,2726
Huambo,2727
Macheng,2728
Medford,2729
Al Mahallah al Kubra,2730
Matadi,2731
Makurdi,2732
Savona,2733
Bielsko-Biala,2734
Bagnolet,2735
Lugoj,2736
Crotone,2737
Northwich,2738
QuibdÃ³,2739
UberlÃ¢ndia,2740
Dehra Dun,2741
Najafabad,2742
Hamamatsu,2743
Cranston,2744
Niagara Falls,2745
Vence,2746
Fontenay-sous-Bois,2747
Agde,2748
Hiratsuka,2749
Rapid City,2750
Bagamoyo,2751
Brighton,2752
Paulista,2753
Piatra-Neamt,2754
NiterÃ³i,2755
Ipswich,2756
Perth Amboy,2757
Manisa,2758
Thomasville,2759
Pocatello,2760
Pueblo,2761
Kindu,2762
Matola,2763
Loum,2764
Gela,2765
Kaspiysk,2766
Bergisch Gladbach,2767
Saint-Priest,2768
La Madeleine,2769
Livingston,2770
Saint-Avold,2771
Lormont,2772
Siedlce,2773
La Chorrera,2774
RÃ­o Bravo,2775
Yuyao,2776
Annonay,2777
Siena,2778
Carvin,2779
San Luis,2780
Linhai,2781
Samsun,2782
Deyang,2783
Shaoxing,2784
Linyi,2785
Hailin,2786
Maple Grove,2787
Logan,2788
Madison,2789
Ain Oussera,2790
VitÃ³ria da Conquista,2791
Tembisa,2792
Umtata,2793
Barletta,2794
Hod HaSharon,2795
Cavaillon,2796
Vaulx-en-Velin,2797
Montbrison,2798
Clifton,2799
Tete,2800
Sindelfingen,2801
Wafangdian,2802
Kasala,2803
Eggenstein-Leopoldshafen,2804
CÃ¡rtama,2805
La Roche-sur-Yon,2806
Kassel,2807
Kristiansand,2808
Iserlohn,2809
Thiais,2810
Marano di Napoli,2811
Luohe,2812
Jiamusi,2813
Shushtar,2814
Hebi,2815
Kupang,2816
Shizuishan,2817
Reno,2818
Belleville,2819
Burbank,2820
Tlemcen,2821
Olomouc,2822
Moulins,2823
Barreiras,2824
Camocim,2825
Nevsehir,2826
Aksu,2827
Passos,2828
Campina Grande,2829
Floridablanca,2830
Punta Arenas,2831
Lins,2832
Nagaoka,2833
Yibin,2834
Sialkot,2835
Yushu,2836
Richardson,2837
Danville,2838
Zhangjiakou,2839
Warner Robins,2840
Tekirdag,2841
Villeparisis,2842
Kamarhati,2843
Orsay,2844
Acayucan,2845
GuarujÃ¡,2846
Catanduva,2847
Sogamoso,2848
ZhytÃ³myr,2849
Orsha,2850
Zenica,2851
Springdale,2852
Sanford,2853
Hillsboro,2854
Anyang,2855
Oyama,2856
Darlington,2857
Tapachula,2858
Londrina,2859
Disuq,2860
Oakville,2861
Manteca,2862
Stolberg,2863
Les Herbiers,2864
Modena,2865
Duitama,2866
Tremblay-en-France,2867
Southampton,2868
GÃ¼nzburg,2869
Porlamar,2870
San Luis Obispo,2871
Burnie,2872
Zhoukou,2873
Hamme,2874
Manfredonia,2875
Ancona,2876
Iskenderun,2877
Al Hudayda,2878
Guelma,2879
BugÃ­a,2880
Trebisonda,2881
BisÃ¡u,2882
Ras al Khaymah,2883
Shagamu,2884
Lodi,2885
Longmont,2886
Thornton,2887
Santa Maria,2888
Indaiatuba,2889
Prato,2890
Kirovohrad,2891
Mallawi,2892
Taraz,2893
Kocaeli,2894
Gresham,2895
Karimnagar,2896
Shangyu,2897
Sargodha,2898
Wuhai,2899
Montceau-les-Mines,2900
Molfetta,2901
Thionville,2902
Saint-Chamond,2903
Vesoul,2904
Helmond,2905
Chorzow,2906
Split,2907
Berck,2908
Le PrÃ©-Saint-Gervais,2909
Tournai,2910
Vallauris,2911
Castelnau-le-Lez,2912
Santiago del Estero,2913
Quilmes,2914
Heze,2915
Renqiu,2916
Matsumoto,2917
Kars,2918
Satna,2919
Aksaray,2920
Noda,2921
Paraparaumu,2922
Pompano Beach,2923
Owensboro,2924
Urbandale,2925
Altoona,2926
Highland Park,2927
Tanga,2928
Zilina,2929
Bisceglie,2930
San Angelo,2931
Bouake,2932
Choisy-le-Roi,2933
Xiangfan,2934
Kenner,2935
Mentor,2936
Chengjiang,2937
Silivri,2938
Ouidah,2939
Idfu,2940
Barika,2941
Annecy-le-Vieux,2942
Villiers-le-Bel,2943
Rochefort,2944
Bratsk,2945
High Wycombe,2946
Huddinge,2947
Halesowen,2948
Galway,2949
Weimar,2950
Saint-Pol-sur-Mer,2951
Salavat,2952
Haguenau,2953
Lorient,2954
Orihuela,2955
Blanquefort,2956
Rheine,2957
Sheboygan,2958
Chimoio,2959
Maastricht,2960
Southport,2961
Gandia,2962
Baden-Baden,2963
Montfermeil,2964
Saint-Gratien,2965
Benidorm,2966
Massa,2967
Aix-les-Bains,2968
Palo Negro,2969
Jurema,2970
Nizamabad,2971
Ambon,2972
Malatya,2973
Mount Pleasant,2974
Yuma,2975
Westland,2976
West Allis,2977
Cary,2978
Gap,2979
Fuzhou,2980
Xiantao,2981
Ziguinchor,2982
Den Helder,2983
Enschede,2984
Sioux Falls,2985
Manacapuru,2986
LÃ­bano,2987
Summerville,2988
Nakuru,2989
Epworth,2990
Nguigmi,2991
Parakou,2992
Woking,2993
Barneveld,2994
Hilden,2995
Stockport,2996
Greifswald,2997
Neu-Ulm,2998
Waiblingen,2999
Blois,3000
Gagny,3001
Melun,3002
Goussainville,3003
Faenza,3004
Maubeuge,3005
Cumbernauld,3006
Amstelveen,3007
Sallanches,3008
DivinÃ³polis,3009
Gulbarga,3010
Penglai,3011
Xingtai,3012
Randfontein,3013
Segovia,3014
Chioggia,3015
Gliwice,3016
Lons-le-Saunier,3017
CatalÃ£o,3018
Langfang,3019
Ramat Gan,3020
Adiyaman,3021
Timaru,3022
Huzhou,3023
Bandar-e Anzali,3024
Boise,3025
Salinas,3026
Warwick,3027
Santa Helena,3028
Concarneau,3029
Goulburn,3030
Abilene,3031
Chapel Allerton,3032
Jinja,3033
Baraki,3034
Centurion,3035
Uvinza,3036
Morogoro,3037
Toamasina,3038
Asiut,3039
Voiron,3040
Stralsund,3041
La Crau,3042
Bury,3043
Kalundborg,3044
Bergen op Zoom,3045
Oleksandriya,3046
Kidderminster,3047
Gy?r,3048
Dole,3049
Vittoria,3050
Nysa,3051
Sousa,3052
JaÃº,3053
El Tigre,3054
Lajeado,3055
Jiaohe,3056
Anshun,3057
Mataram,3058
Kure,3059
Afyon,3060
Jayapura,3061
Tarsus,3062
Diyarbakir,3063
Jingmen,3064
Quanzhou,3065
Chilly-Mazarin,3066
Matehuala,3067
Arcoverde,3068
Kawagoe,3069
Shahjahanpur,3070
Barddhaman,3071
Ãanakkale,3072
New Brunswick,3073
Cottage Grove,3074
Eau Claire,3075
Chico,3076
Burnaby,3077
Modesto,3078
Elbasan,3079
Dartmouth,3080
Lagny-sur-Marne,3081
Guatire,3082
Samarra,3083
Macon,3084
West Palm Beach,3085
Tulle,3086
Barretos,3087
Erechim,3088
Huixquilucan,3089
Shuangcheng,3090
Tripoli,3091
Foshan,3092
Suizhou,3093
Ube,3094
Meizhou,3095
Tongliao,3096
Revere,3097
Hot Springs,3098
Woodstock,3099
Rochester Hills,3100
Bullhead City,3101
Vilhena,3102
Milford,3103
Renton,3104
Issoire,3105
Mariupol,3106
Albertville,3107
Khasavyurt,3108
Leoben,3109
Wetter (Ruhr),3110
Coudekerque-Branche,3111
Poitiers,3112
Trani,3113
Santa Cruz do Sul,3114
Paramaribo,3115
Guatemala City,3116
CassilÃ¢ndia,3117
Xuanhua,3118
Leshan,3119
Hisar,3120
Kasugai,3121
Tuscaloosa,3122
Temecula,3123
Gulfport,3124
Oxnard,3125
Stockton,3126
Woonsocket,3127
Buffalo Grove,3128
Garland,3129
Edmond,3130
Salon-de-Provence,3131
Taylor,3132
Holland,3133
Al Amarah,3134
Maroua,3135
Moshi,3136
RubÃ­,3137
Caluire-et-Cuire,3138
Pingxiang,3139
Waukesha,3140
Lawton,3141
Korla,3142
Yamoussoukro,3143
Qena,3144
Bergerac,3145
Sosnowiec,3146
Ermont,3147
Ludwigsburg,3148
Delmenhorst,3149
Quevedo,3150
Araraquara,3151
Chiclayo,3152
Santos,3153
Riberalta,3154
San Ignacio,3155
TaboÃ£o da Serra,3156
Tumkur,3157
Cheonan,3158
Boca Raton,3159
Andover,3160
Liubliana,3161
Suining,3162
Kandahar,3163
Shahreza,3164
Ilam,3165
Citrus Heights,3166
Loveland,3167
Akure,3168
Koidu,3169
Uvira,3170
Bauchi,3171
Fort Portal,3172
Terneuzen,3173
Caraguatatuba,3174
ApartadÃ³,3175
Plaisance-du-Touch,3176
Clacton-on-Sea,3177
Getxo,3178
Odivelas,3179
Behbahan,3180
Pickering,3181
Gorzow Wielkopolski,3182
Aydin,3183
Majadahonda,3184
Cuxhaven,3185
Chatham,3186
Bento GonÃ§alves,3187
Palmares,3188
Zielona Gora,3189
Woodbury,3190
Jalna,3191
Crato,3192
CiÃ©naga,3193
Dax,3194
Molina de Segura,3195
San Salvador de Jujuy,3196
Halmstad,3197
Gaomi,3198
Wuzhou,3199
Anantapur,3200
Huaihua,3201
Pekalongan,3202
Xinxiang,3203
Guiping,3204
Sartrouville,3205
Bastia,3206
GuimarÃ£es,3207
Civitavecchia,3208
Saint-Louis,3209
Agen,3210
Marl,3211
Oullins,3212
Ragusa,3213
Caserta,3214
Valenciennes,3215
Avon,3216
Les Pennes-Mirabeau,3217
Borken,3218
Eskilstuna,3219
Bad Waldsee,3220
South Shields,3221
Osny,3222
MÃ¢con,3223
Loos,3224
Houilles,3225
Stourbridge,3226
Andradina,3227
Pato Branco,3228
Floriano,3229
Guarenas,3230
PalhoÃ§a,3231
Cadereyta,3232
Villavicencio,3233
Delicias,3234
Franco da Rocha,3235
Fernando de la Mora,3236
VÃ¡rzea Grande,3237
GravatÃ¡,3238
Babol,3239
Mau,3240
Clovis,3241
Saint-Cloud,3242
Igdir,3243
Chipata,3244
Yantai,3245
Zinder,3246
Feira,3247
Pila,3248
Ferndown,3249
Yiyang,3250
Inegol,3251
Delray Beach,3252
Murrieta,3253
Stevenage,3254
Berdyans'k,3255
Karliova,3256
Roman,3257
Neuwied,3258
Amersfoort,3259
Roosendaal,3260
Polatsk,3261
Saqqez,3262
Nijmegen,3263
Montargis,3264
Oss,3265
Cidade Ocidental,3266
CarapicuÃ­ba,3267
Talara,3268
Camarillo,3269
Uithoorn,3270
La Rioja,3271
Rottingdean,3272
Fargo,3273
Drobeta-Turnu Severin,3274
Brantford,3275
Tahta,3276
Brikama,3277
Ris-Orangis,3278
Millau,3279
Harlow,3280
Dunstable,3281
Charallave,3282
AcÃ¡mbaro,3283
PaÃ§o do Lumiar,3284
Barranca,3285
Torbali,3286
Shihezi,3287
Tongi,3288
Takasaki,3289
Dubuque,3290
Whittier,3291
Ontario,3292
Bryan,3293
Cedar Rapids,3294
Elyria,3295
Longueuil,3296
Saint Petersburg,3297
Homestead,3298
Marysville,3299
Ludwigsfelde,3300
Gorgan,3301
Stains,3302
Ipatinga,3303
Oktyabr'skiy,3304
Royal Oak,3305
Norman,3306
Balmazujvaros,3307
Silopi,3308
Coppell,3309
Rock Hill,3310
Zwedru,3311
Iringa,3312
Gaborone,3313
GuamÃºchil,3314
Villeneuve-la-Garenne,3315
Briton Ferry,3316
Birobidzhan,3317
Oradea,3318
Ariquemes,3319
Bolu,3320
Changshu,3321
Mutare,3322
Guildford,3323
La Ciotat,3324
Treviglio,3325
Cherbourg-Octeville,3326
Buca,3327
Marlborough,3328
Lichinga,3329
Nuneaton,3330
Mauguio,3331
Zhangzhou,3332
Vanadzor,3333
Greenwood,3334
Grand Island,3335
Kiziltepe,3336
Modica,3337
SemnÃ¡n,3338
Beipiao,3339
Ann Arbor,3340
Cangzhou,3341
Bozeman,3342
Warrnambool,3343
Jizzakh,3344
Girga,3345
Be'er Sheva,3346
Umraniye,3347
Sliven,3348
Berrechid,3349
Rafsanjan,3350
Igurusi,3351
Isparta,3352
Rize,3353
Pietermaritzburg,3354
Gusau,3355
Shahriar,3356
Bata,3357
Melitopol,3358
Borazjan,3359
Baqubah,3360
Ar Raqa,3361
Tanta,3362
Stakhanov,3363
Al Khums,3364
Osh,3365
Cape Coast,3366
Tokat,3367
Nal'chik,3368
Usak,3369
Deva,3370
Mufulira,3371
Khemisset,3372
Kuwait City,3373
Mason,3374
San Clemente,3375
Arlington Heights,3376
Fort Collins,3377
North Miami,3378
Twin Falls,3379
Rancho Cucamonga,3380
San JosÃ© de Guanipa,3381
Itamaraju,3382
TatuÃ­,3383
Coari,3384
Senhor do Bonfim,3385
PoÃ§os de Caldas,3386
Camaragibe,3387
Chevilly-Larue,3388
Chiclana de la Frontera,3389
Cuneo,3390
Upplands VÃ¤sby,3391
Visalia,3392
North Charleston,3393
Thousand Oaks,3394
Draper,3395
Kirkwood,3396
Deltona,3397
Carol Stream,3398
Tinley Park,3399
Conroe,3400
San Mateo,3401
Missouri City,3402
Billings,3403
Jamestown,3404
Coachella,3405
South Bend,3406
Appleton,3407
Whakatane,3408
San Pedro,3409
CoxÂs B?z?r,3410
Yongchuan,3411
Zaoyang,3412
Rizhao,3413
Tsukuba,3414
Luanshya,3415
Dartford,3416
Stadtlohn,3417
Teramo,3418
Louviers,3419
Cercola,3420
Allauch,3421
Bracknell,3422
Rosenheim,3423
Casoria,3424
FacatativÃ¡,3425
La Pintana,3426
Itapeva,3427
Musoma,3428
Damanhur,3429
Shumen,3430
Gyula,3431
Sorriso,3432
Ordu,3433
Jiaxing,3434
Phuntsholing,3435
Sanming,3436
Suceava,3437
Pazardzhik,3438
Focsani,3439
San Carlos del Zulia,3440
Barra do PiraÃ­,3441
Kazerun,3442
Kawaguchi,3443
Taldyqorghan,3444
Bhilwara,3445
Bharatpur,3446
Ghaziabad,3447
Park Ridge,3448
Canton,3449
Holyoke,3450
Romeoville,3451
Independence,3452
Lubango,3453
Hadera,3454
Ormond Beach,3455
Toliara,3456
Stafford,3457
Kortrijk,3458
Hardenberg,3459
JunÃ­n,3460
Dzhezkazgan,3461
Latur,3462
Yuncheng,3463
BingÃ¶l,3464
New Delhi,3465
Laurel,3466
Bellingham,3467
Ponteareas,3468
Gombe,3469
Buriticupu,3470
Piotrkow Trybunalski,3471
Boksburg,3472
Koumra,3473
Villeneuve-Saint-Georges,3474
Cambrai,3475
Karaman,3476
Torbat-e Heydariyeh,3477
Fulda,3478
Javanrud,3479
Sapele,3480
Kara,3481
Gatineau,3482
Czestochowa,3483
Cubuk,3484
East Orange,3485
El Cajon,3486
Chula Vista,3487
Cedar Hill,3488
Moorhead,3489
Las Cruces,3490
New Castle,3491
Grapevine,3492
Jingdezhen,3493
Elbeuf,3494
Bitonto,3495
San Severo,3496
Battipaglia,3497
Andria,3498
CambÃ©,3499
Pasto,3500
Aalen,3501
Belgrade,3502
Mbinga,3503
Leiden,3504
Sorgues,3505
Guelmim,3506
Buyukcekmece,3507
Stara Zagora,3508
Ibb,3509
Midyat,3510
Pinsk,3511
Sidi Bel Abbes,3512
Ulundi,3513
Zabol,3514
Jastrzebie Zdroj,3515
Dar Chioukh,3516
Cruzeiro do Sul,3517
Mouscron,3518
Riom,3519
La Chapelle-sur-Erdre,3520
Guanare,3521
Chigasaki,3522
Arrentela,3523
Springs,3524
Tartu,3525
Braga,3526
MonterÃ­a,3527
Katsushika-ku,3528
Juliaca,3529
Neyshabur,3530
Commerce City,3531
Deer Park,3532
El AaiÃºn,3533
Libourne,3534
SeropÃ©dica,3535
Qidong,3536
Moissy-Cramayel,3537
Wendeng,3538
Texarkana,3539
Coon Rapids,3540
Yao,3541
Shimoga,3542
Huangshi,3543
Bafra,3544
Zhuzhou,3545
Gujrat,3546
Liaoyuan,3547
Pearland,3548
Saint Peters,3549
Vanderbijlpark,3550
St. John's,3551
Samobor,3552
Kissimmee,3553
Hengelo,3554
Detmold,3555
Bitola,3556
Botshabelo,3557
Daloa,3558
Korhogo,3559
Samalut,3560
Myslowice,3561
Duzce,3562
Stanger,3563
Bistrita,3564
Fujisawa,3565
Ashqelon,3566
Davis,3567
Elkhart,3568
Farmington,3569
Tongzhou,3570
Gonesse,3571
Missoula,3572
Shangzhi,3573
Benoni,3574
SÃ¨te,3575
Contagem,3576
Amagasaki,3577
El Escorial,3578
Peer,3579
Lindenhurst,3580
Takestan,3581
Senlis,3582
Asti,3583
Limbe,3584
Campo Limpo Paulista,3585
Pingnan,3586
Tottori,3587
RondonÃ³polis,3588
Yucaipa,3589
Volksrust,3590
Anglet,3591
Urganch,3592
Pico Rivera,3593
Tongling,3594
Liuyang,3595
Nashua,3596
